APPLIN_ID,APP_NAME,APP_DOB,APP_MOBILE,APP_EMAIL,APP_ADDRESS,INT_ID
2018302001,AASHA S,17.09.2020,1234567890,abc@gmail.com,kkdi,101
2018302002,ABIMANYU K,17.09.2020,1234567890,abc@gmail.com,kkdi,101
2018302003,DEEPIKA S,17.09.2020,1234567890,abc@gmail.com,kkdi,101
2018302004,DHANALAKSHMI V,17.09.2020,1234567890,abc@gmail.com,kkdi,101
2018302005,DINESH KUMAR S,17.09.2020,1234567890,abc@gmail.com,kkdi,101
2018302006,DIVYA JESSI CH,17.09.2020,1234567890,abc@gmail.com,kkdi,101
2018302007,ELANGOVAN R,17.09.2020,1234567890,abc@gmail.com,kkdi,101
2018302008,GANESH A,17.09.2020,1234567890,abc@gmail.com,kkdi,101
2018302009,GEETHA.R,17.09.2020,1234567890,abc@gmail.com,kkdi,101
2018302010,GURUSHESAN R,17.09.2020,1234567890,abc@gmail.com,kkdi,101
2018302011,ISMAIL N,17.09.2020,1234567890,abc@gmail.com,kkdi,101
2018302012,JAYA SHRI J,17.09.2020,1234567890,abc@gmail.com,kkdi,101
2018302013,JEYA SURIYA K,17.09.2020,1234567890,abc@gmail.com,kkdi,101
2018302014,KABILA A,17.09.2020,1234567890,abc@gmail.com,kkdi,101
2018302015,KARANKUMAR N,17.09.2020,1234567890,abc@gmail.com,kkdi,101
2018302016,KARTHICK S,17.09.2020,1234567890,abc@gmail.com,kkdi,101
2018302017,KASTHURI M,17.09.2020,1234567890,abc@gmail.com,kkdi,101
2018302018,KOUSALYA K,17.09.2020,1234567890,abc@gmail.com,kkdi,101
2018302019,LAKSHMI SP,17.09.2020,1234567890,abc@gmail.com,kkdi,101
2018302020,LAVANYA R,17.09.2020,1234567890,abc@gmail.com,kkdi,101
2018302021,MANI PRASATH M,17.09.2020,1234567890,abc@gmail.com,kkdi,101
2018302022,MANIMEGALAI S,17.09.2020,1234567890,abc@gmail.com,kkdi,101
2018302023,MANIMEKALAI V,17.09.2020,1234567890,abc@gmail.com,kkdi,101
2018302024,MANOKARAN R,17.09.2020,1234567890,abc@gmail.com,kkdi,101
2018302025,MARIMUTHU N,17.09.2020,1234567890,abc@gmail.com,kkdi,101
2018302026,MEENAKSHI SUNDARAM K,17.09.2020,1234567890,abc@gmail.com,kkdi,101
2018302027,MEENAL K,17.09.2020,1234567890,abc@gmail.com,kkdi,101
2018302028,MOHAMED ABDULLA S,17.09.2020,1234567890,abc@gmail.com,kkdi,101
2018302029,MUTHU CHIDAMPARAM R,17.09.2020,1234567890,abc@gmail.com,kkdi,101
2018302030,MUTHU SELVAN N,17.09.2020,1234567890,abc@gmail.com,kkdi,101
2018302031,MUTHUJAYASHREE M,17.09.2020,1234567890,abc@gmail.com,kkdi,101
2018302032,MUTHUMANI B,17.09.2020,1234567890,abc@gmail.com,kkdi,101
2018302033,MUTHUVINAYAGAM I,17.09.2020,1234567890,abc@gmail.com,kkdi,101
2018302034,NANTHAKUMAR M,17.09.2020,1234567890,abc@gmail.com,kkdi,101
2018302035,PANDISELVI S,17.09.2020,1234567890,abc@gmail.com,kkdi,101
2018302036,PRAVIN KUMAR E,17.09.2020,1234567890,abc@gmail.com,kkdi,101
2018302037,PRIYA R,17.09.2020,1234567890,abc@gmail.com,kkdi,101
2018302038,RAJA SURYA S,17.09.2020,1234567890,abc@gmail.com,kkdi,101
2018302039,RAJESH K,17.09.2020,1234567890,abc@gmail.com,kkdi,101
2018302040,SALMANKHAN B,17.09.2020,1234567890,abc@gmail.com,kkdi,101
2018302041,SAMUVEL S,17.09.2020,1234567890,abc@gmail.com,kkdi,101
2018302042,SARANYA D,17.09.2020,1234567890,abc@gmail.com,kkdi,101
2018302043,SATHISH KUMAR M,17.09.2020,1234567890,abc@gmail.com,kkdi,101
2018302044,SATHIYASEELAN R,17.09.2020,1234567890,abc@gmail.com,kkdi,101
2018302045,SELVA GANAPATHI G,17.09.2020,1234567890,abc@gmail.com,kkdi,101
2018302046,SELVA GANAPATHY N,17.09.2020,1234567890,abc@gmail.com,kkdi,101
2018302047,SIVASAKTHIVEL A,17.09.2020,1234567890,abc@gmail.com,kkdi,101
2018302048,SNEKA S,17.09.2020,1234567890,abc@gmail.com,kkdi,101
2018302049,SOUNDHARYA P,17.09.2020,1234567890,abc@gmail.com,kkdi,101
2018302050,SRIRAM M,17.09.2020,1234567890,abc@gmail.com,kkdi,101
2018302051,SUJATHA P D,17.09.2020,1234567890,abc@gmail.com,kkdi,101
2018302052,THARANI M,17.09.2020,1234567890,abc@gmail.com,kkdi,101
2018302053,UMAIYAL M,17.09.2020,1234567890,abc@gmail.com,kkdi,101
2018302054,VANATHI P,17.09.2020,1234567890,abc@gmail.com,kkdi,101
2018302055,VEERAPPAN A,17.09.2020,1234567890,abc@gmail.com,kkdi,101
2018302056,VENKADESH M,17.09.2020,1234567890,abc@gmail.com,kkdi,101
2018302057,VENNILA R,17.09.2020,1234567890,abc@gmail.com,kkdi,101
2018302058,VIGNESH KUMAR G,17.09.2020,1234567890,abc@gmail.com,kkdi,101
2018302059,VIMALAN ILA,17.09.2020,1234567890,abc@gmail.com,kkdi,101
2018302060,VINOTHINI P,17.09.2020,1234567890,abc@gmail.com,kkdi,101
2018302061,VISWA A,17.09.2020,1234567890,abc@gmail.com,kkdi,101
